item,lexical_category,log_p,n_syll,comp_difficulty,prod_gap
mine,function_words,0.22063229367374326,1,7.713909532994456,-1.7766275475039213
me,function_words,3.2951220326408617,1,9.396234185711892,-2.3592234108304315
that,function_words,4.387211698981556,1,8.388433836528977,-4.594357286961397
his,function_words,2.3538375535895533,1,10.137949462901735,-0.20571841575674088
her,function_words,2.4921112624796047,1,9.627330181132635,-0.9552380124410829
out,function_words,2.6218765314240127,1,7.202989827803441,-0.8450350180780919
how,function_words,2.766850688969412,1,10.919013995009884,-0.01866257457417693
where,function_words,2.569588531778896,1,6.900763770883987,1.3138083126654412
back,function_words,2.2622359295190755,1,8.472945916863521,-1.5237255085640837
down,function_words,2.4370945782192894,1,6.328106370505467,-0.9992635963000169
not,function_words,3.0246354289445145,1,9.875489557287302,-0.1770912001989397
off,function_words,1.9492462849689947,1,7.068605415048619,-0.9599517291536559
boots,nouns,-1.0041584133136077,1,7.570960151352055,-2.326914349265201
hammer,nouns,-1.084201120987144,2,8.510472931473618,-0.705121104357746
pony,nouns,-1.8514562737008102,2,9.607053716629604,-2.0870635573274323
bathtub,nouns,-1.399471149957753,2,4.994818943276943,0.9013618790250456
church*,nouns,-1.512893079705126,1,9.140816316263672,-1.344658181314829
toe,nouns,-1.3428308708444234,1,6.114026231129739,0.5687285487916117
potty,nouns,-1.0360590449803837,2,7.212641209796091,-0.8588707466584227
tooth,nouns,-1.6618354144252443,1,6.036058339392257,0.8596678796107223
bib,nouns,-1.6438169089225685,1,6.131879521948846,0.35460690558839425
tongue,nouns,-1.0656664707703225,1,7.072268282734367,0.5984590537270423
penguin,nouns,-1.6467975370607046,2,8.062987488631169,-1.0903662950114308
turkey,nouns,-1.1675087900392889,2,9.411358579717191,-2.5805927605656445
garage,nouns,-1.199436384564729,2,9.020817116301696,-0.09476763295598221
bedroom,nouns,-1.4447709091874188,2,7.055970264959156,2.8812638244114255
stairs,nouns,-0.9762928332505201,1,6.1511298440852,1.9937426114821069
toothbrush,nouns,-2.071856339069269,2,6.020396047228591,1.3143566075179518
sock,nouns,-1.2128851943773427,1,5.073641884173674,-0.1608619269240772
penny,nouns,-1.7945013807733385,2,11.138707113208188,-1.4827030788238276
trash,nouns,-1.2324170652945874,1,7.300909781049624,-0.09795229419628054
jacket,nouns,-1.258392551697849,2,6.746793478469868,0.80804427737589
scissors,nouns,-1.634927961505321,2,9.820479859397942,-1.3294679024050198
crib,nouns,-1.7505010515109003,1,6.221342945221161,2.9572431407599864
pool,nouns,-1.0774214340017654,1,7.398258857307973,-0.4966278753784214
necklace,nouns,-1.91185198399055,2,8.177902857555223,-0.5316536270368505
fork,nouns,-1.0927408825352796,1,6.6031374177225235,-0.09865103744320738
couch,nouns,-1.0910270860575437,1,6.59776688474314,2.344433336487795
purse,nouns,-1.75714559422957,1,8.39784274624779,0.022748199874248694
lion,nouns,-0.3125823249857458,2,7.163193750320504,-0.9561077897853003
spaghetti,nouns,-0.3086592128532608,2,8.810327312846056,0.02904093708504442
ear,nouns,-0.7851048472509241,1,6.0713937840796195,-0.5547198438086343
toy (object),nouns,-0.29311888456936686,1,5.046725266710726,2.475176548284632
bug,nouns,-0.874756414031097,1,7.917489350938415,-1.6541080493738898
clock,nouns,-0.41864189694608633,1,9.091018015933845,-2.070566240755742
chicken (food),nouns,-0.29311888456936686,2,6.891626155346175,0.5934529131295164
meat,nouns,-0.4986846046195854,1,8.953031145450659,-1.6386135961087591
star,nouns,-0.7952443511033618,1,8.61940638662977,-2.239328302981105
high chair,nouns,-0.29311888456936686,2,5.740681197418576,2.2618356936104416
bee,nouns,-0.47992232816407565,1,6.898681731196742,-1.3216197618727632
play pen,nouns,-0.29311888456936686,2,10.101930058176366,0.1277969238857856
work (place),nouns,-0.29311888456936686,1,8.212415688318767,-0.18506163955989127
orange (food),nouns,-0.29311888456936686,2,7.53045508556491,-0.7138456831226289
blanket,nouns,-0.6832814752507037,2,4.725878212376064,1.475090397593073
watch (object),nouns,-0.29311888456936686,1,8.845910991757345,-0.7151430759361516
beach,nouns,-0.7239611108839163,1,9.684703489156515,-1.9847310033459002
living room,nouns,-0.29311888456936686,3,7.377314004454217,2.410903597785533
block,nouns,-0.5541732902372907,1,5.129717355364821,-0.6562793580470483
cereal,nouns,-0.47067156839189117,2,6.58635113441326,0.3785240380444027
owie/boo boo,nouns,-0.29311888456936686,1,7.549949195280401,-2.618441907658607
pen,nouns,-0.7638938212192876,1,7.670591964584445,-0.7995362341918202
toast,nouns,-0.8042015447073787,1,7.4811433501703,-0.15473361376610262
store,nouns,0.10071367670297171,1,7.785339969307526,1.5288567185692727
cookie,nouns,0.5606564645693339,2,6.505365737420043,0.11121991702519449
cheese,nouns,0.6109150807233785,1,5.934773781073875,-1.0167899434134284
outside,nouns,0.49764883492811407,2,4.9033043769165205,0.90687971913568
bread,nouns,0.18399127607305843,1,6.078860432580792,0.5355043935904295
cup,nouns,0.5576973961599538,1,5.088287783475198,1.092094260977658
pants,nouns,-0.1713175474346489,1,6.060915041001904,0.43116991709121943
sheep,nouns,-0.23326557015713156,1,7.243855596000717,-0.3448765728375483
cake,nouns,0.18590332254470887,1,8.261861398075936,-1.3542648167248448
moon,nouns,0.16515468918658094,1,8.429572704764137,-2.249660893982731
pizza,nouns,0.3627178619491769,2,7.128572333747406,0.5399947293911572
foot,nouns,0.34168999455688187,1,4.8425363920747575,1.4028601098861189
butter,nouns,-0.21813014609206327,2,9.69714592901121,-3.1547072121857105
shoe,nouns,-0.12790505449929235,1,5.288352633142991,-0.632720304368844
balloon,nouns,-0.09258838257443003,2,6.157727517867417,-2.0880529215389543
kitty,nouns,0.6497995140886976,2,4.785396664075111,-0.10937646109317528
sun,nouns,-0.2770573538233254,1,8.19495938330629,-1.1723691934457126
apple,nouns,0.28364174046872037,2,5.560801561284452,-0.8045588796297651
egg,nouns,0.1464533567540176,1,6.814488569899479,-1.282104868534616
bed,nouns,0.8512070387626212,1,5.7604763104766645,0.5612042744295419
hair,nouns,0.8366154604704947,1,5.1972063824613475,0.9709757371076874
hat,nouns,0.7363353025285493,1,5.6252463655319715,0.010817625423139032
food,nouns,1.1955051896219615,1,5.0572872626466605,1.0456415563501629
box,nouns,0.8859511848607777,1,7.157820180297505,-1.2679643360513024
cat,nouns,0.8923334308480984,1,4.384935827254715,-0.03165344933192823
home,nouns,1.4385298374681845,1,6.2455468510884025,1.3618143359365666
bear,nouns,1.1167956222704865,1,6.267467954434699,-1.1552138832366363
babysitter,other,-2.983591254407566,3,10.474778910609572,-0.17713717710462507
patty cake,other,-3.9644205074192893,3,6.151626980059005,1.9942712612306468
aunt,other,-1.4302428086245076,1,7.628086017436971,-0.1780839780287198
uncle,other,-1.0673373149351395,2,8.782252036625653,-0.24335777645681003
woof woof,other,-3.2124328268364124,2,5.011364594283639,-1.9814443227767062
person,other,-0.41864189694608633,2,10.04009781773496,-0.8087433749595828
wanna/want to,other,-0.29311888456936686,2,6.92483496804976,0.46157843631462603
babysitter's name,other,-0.29311888456936686,4,7.67794157829902,-1.7169853627059959
teacher,other,-0.5581853317272145,2,9.583046142111321,-1.218582593340104
child,other,-0.29311888456936686,1,8.964167038635264,0.6051652502908307
grandma*,other,-0.293890191973567,2,3.494617349267729,0.7815944614562776
dinner,other,0.1379723879856396,2,5.379511853284713,1.555131114193409
lunch,other,0.052781178953907215,1,5.96147699762333,1.0872202494042298
later,other,0.2375547189951419,2,8.937369856112152,0.4536054311201993
baby,other,2.3844005694768233,2,4.549413083576521,-0.05499518439270536
daddy*,other,1.5764864679368173,2,0.14907714754879453,0.5575008002087408
no,other,3.5656855071225424,1,3.7590221339664716,-0.3581396496662161
today,other,1.3187832213186885,2,10.258079855591903,-0.3715498709761461
thank you,other,0.939956000130076,2,6.212421518370328,-1.4384134071246322
wait,other,1.348785471622489,1,6.795497310195756,0.9297606000903211
mommy*,other,2.168451531225691,1,-0.5771873626060385,1.5131743185506956
asleep,predicates,-1.2187048034306063,2,7.305044624824151,1.0924848417359239
splash,predicates,-1.4159227548497597,1,6.30858981781695,0.6450139895641843
naughty,predicates,-2.279144518593686,2,9.04138501306816,2.364133284033688
all gone,predicates,-0.9112773266519607,2,3.753429836547361,0.8316773184555183
clean (description),predicates,-0.29311888456936686,1,7.3379233317508925,0.8298847695341649
little (description),predicates,-0.29311888456936686,2,9.411192641887492,-0.4696733787561422
clean (action),predicates,-0.29311888456936686,1,6.750408964551226,1.190369881243843
sick,predicates,-0.6129227943094477,1,9.310865818516579,0.13413533709954584
drive,predicates,-0.3666932229610609,1,7.8282111563275345,1.5165071956096776
soft,predicates,-0.364206690391061,1,7.629040009798874,0.4789631994220793
scared,predicates,-0.5226435848688364,1,10.046183290404299,0.8571031146103218
fast,predicates,-0.19479928932935486,1,9.309906639694661,-0.1452576659446843
finish,predicates,0.27668821397212007,2,7.945894605641024,0.31330546351262684
sleep,predicates,0.33636320466167113,1,5.786518961453615,2.4201440079228567
wash,predicates,0.08551820486023232,1,6.481669372046511,0.8851423493785484
cute,predicates,-0.01784969453729701,1,8.638230030181045,1.4824197396768302
cold,predicates,0.3172834056267071,1,7.317692116657815,0.29473770514143344
walk,predicates,0.28060552039603515,1,5.894755358758412,0.976333985617005
write,predicates,0.42703126771415434,1,9.028808350127306,0.425342295401842
throw,predicates,0.625789851418121,1,6.5768979465906305,2.520647307226716
fine,predicates,-0.11685521831271295,1,11.419232269530418,0.12378646488834141
draw,predicates,0.2081002197038746,1,7.972207977903861,-0.7071887183986844
break,predicates,-0.0976484819227803,1,9.59577961438892,0.4618769387868752
show,predicates,1.1216782610786975,1,7.266359178427168,0.6640317288822641
bring,predicates,0.7535370918734099,1,6.676001722056961,2.9088350603647632
put,predicates,3.075956659804528,1,7.306467656717122,2.241446094498159
look,predicates,3.0872252023873976,1,5.444701744975635,2.3400725954993433
open,predicates,1.0624459816055456,2,6.37552044485157,-0.3902659855266443
read,predicates,1.5543701818870739,1,5.541574331057503,2.385679379601715
eat,predicates,2.2278180356002935,1,3.3741939500428884,2.384437464061884
blue,predicates,0.937031034606755,1,8.76296699135197,-3.1040886411553936
stop,predicates,0.8721018708571249,1,5.967825990438567,1.1165762378760058
