"","mean","se_mean","sd","2.5%","25%","50%","75%","97.5%","n_eff","Rhat"
"lambda",0.878271085840371,0.000898509389665155,0.0349250337372486,0.810724808616133,0.855083086152772,0.877635798271357,0.901174160335276,0.949460932051315,1510.8746297712,0.998879027644853
"lambda_child",0.83753281396548,0.0286150806316066,0.486798627472537,-0.0788262502733543,0.507817730822712,0.83346690365318,1.17920780255194,1.75841283029838,289.406807262987,1.02645865286959
"lambda_word",1.02569975830352,0.00456612522295902,0.0770188704607524,0.880023643078644,0.975219438449689,1.02702440616547,1.07566171867702,1.17519761082997,284.510733330977,1.01745227353636
"beta_v",0.954266445216044,0.0326229896470984,0.554902979503654,-0.0900851832094795,0.577712928458356,0.94925109321327,1.34030714550654,2.02357186480301,289.325423086581,1.02617322491614
"beta_w",1.16970260309391,0.00539791796218787,0.0994863941427603,0.97241816394469,1.10639317505967,1.1659835487289,1.23333297868979,1.37575999043375,339.683788736514,1.01179024726335
"delta",8.37726683345054,0.0292504211387878,0.566649655597206,7.33851305590783,7.9826810544987,8.38223406336296,8.74750758166907,9.55377326552898,375.288288450301,1.01357231693144
"s",0.350715956217831,0.00708767832540934,0.255017533354665,0.01402817455895,0.152011888495291,0.30371359887827,0.503716744467535,0.975288746177259,1294.58951042596,0.999868007568481
"kappa",0.67405598837473,0.00143841337109324,0.0456635481950724,0.589079875738813,0.641574451615248,0.672976259104507,0.704154276882009,0.764915841235283,1007.79427269654,1.00352460532374
"kappa_ratio",0.767894065498071,0.00169737049139406,0.04909238124491,0.676515390626184,0.734420024869576,0.767088360004929,0.800379564152015,0.867830827385288,836.517249825837,1.00475126890857
"mu_p",-6.7954878959279,0.0332866734756224,0.435277936101269,-7.61852180013605,-7.09178673103655,-6.79431338970021,-6.48480853983468,-5.96270267314917,170.99858460909,1.00534604299781
"delta_p",7.10794500326881,0.0166917344070037,0.502442553417952,6.13269683919807,6.77938462379081,7.11778045228331,7.44141284917944,8.09871473017723,906.086993969175,1.00233413754927
"sd_kid[1]",2.09612850703918,0.015872314402766,0.252909952559257,1.65290801695592,1.92863839260725,2.07836853481667,2.25565652291977,2.65808262542582,253.893349578596,1.02942516828803
"sd_kid[2]",2.23568606123329,0.0121042451702632,0.265177497027652,1.7823982118647,2.05036005757305,2.21438946015906,2.38600593621215,2.84154497895843,479.952115988687,1.00631076899588
"rho_alpha_prod",-0.181535720519452,0.00924910286863876,0.150400097375392,-0.468511570169422,-0.284669607960522,-0.18563320848079,-0.0761447033877119,0.107485196452002,264.42165277334,1.00650818791782
"sigma_zeta",2.75271055047327,0.0122633203444313,0.281627394807905,2.22943032361237,2.55866376854712,2.73430058066792,2.95069394356892,3.34087782053752,527.392135479173,1.00720094632397
"mu_psi",1.34514770768462,0.0328262516104602,0.400424907868393,0.520434844602339,1.07697640315145,1.34911836174438,1.62849758182409,2.09769144704633,148.79885201695,1.00595115904816
"tau_psi",1.40636326238828,0.00448346782202753,0.0959802183600248,1.23298983108183,1.33550192894103,1.40078760750138,1.47107749260269,1.60688923710412,458.284694244997,1.00653357551806
"tau_D",1.10103551677539,0.00333425677577342,0.0860675570746887,0.945146702850941,1.04186266733716,1.0990178548649,1.15602568882679,1.27940043099764,666.316959918911,1.00278850568524
"n_floor_comp",0,NA,0,0,0,0,0,0,NA,NA
"n_floor_prod",0,NA,0,0,0,0,0,0,NA,NA
